{"Name":{"0":"Max","1":"siou","2":"ava","3":"chris","4":"steve","5":"roger","6":"Gigi","7":"peio","8":"Average"},"Quiz1":{"0":20.0,"1":18.0,"2":20.0,"3":19.0,"4":17.0,"5":16.0,"6":15.0,"7":19.0,"8":17.7142857143},"Quiz2":{"0":20.0,"1":20.0,"2":15.0,"3":12.0,"4":11.0,"5":14.0,"6":17.0,"7":18.0,"8":15.2857142857},"Quiz3":{"0":20,"1":19,"2":18,"3":17,"4":16,"5":17,"6":19,"7":20,"8":18},"Test1":{"0":100.0,"1":99.0,"2":98.0,"3":78.0,"4":89.0,"5":67.0,"6":87.0,"7":97.0,"8":87.8571428571},"Test2":{"0":100.0,"1":96.0,"2":87.0,"3":67.0,"4":89.0,"5":90.0,"6":80.0,"7":70.0,"8":82.7142857143},"Test3":{"0":100.0,"1":88.0,"2":99.0,"3":77.0,"4":66.0,"5":56.0,"6":65.0,"7":75.0,"8":75.1428571429},"Total":{"0":360.0,"1":340.0,"2":337.0,"3":270.0,"4":288.0,"5":260.0,"6":283.0,"7":299.0,"8":null},"%Grade":{"0":null,"1":0.9444444444,"2":0.9361111111,"3":0.75,"4":0.8,"5":0.7222222222,"6":0.7861111111,"7":0.8305555556,"8":null}}